{"cameraMode":{"drawMode":0,"name":"Shaded","section":"Shading Mode"},"sceneLighting":true,"audioPlay":false,"sceneViewState":{"showFog":true,"showMaterialUpdate":false,"showSkybox":true,"showFlares":true,"showImageEffects":true,"showParticleSystems":true},"in2DMode":false,"pivot":{"x":0.5999822616577148,"y":2.935321807861328,"z":-240.78469848632813},"rotation":{"x":-0.16692425310611726,"y":0.003590574488043785,"z":-0.0006083030602894723,"w":-0.985962986946106},"size":1.4289414882659913,"orthographic":false}