{"cameraMode":{"drawMode":0,"name":"Shaded","section":"Shading Mode"},"sceneLighting":false,"audioPlay":false,"sceneViewState":{"showFog":true,"showMaterialUpdate":false,"showSkybox":true,"showFlares":true,"showImageEffects":true,"showParticleSystems":true},"in2DMode":false,"pivot":{"x":0.12000000476837158,"y":0.38499999046325686,"z":-4.204999923706055},"rotation":{"x":-0.18169505894184113,"y":0.00032192637445405126,"z":-0.000059910340496571735,"w":-0.9833548665046692},"size":3.1675124168395998,"orthographic":false}