{"cameraMode":{"drawMode":0,"name":"Shaded","section":"Shading Mode"},"sceneLighting":false,"audioPlay":false,"sceneViewState":{"showFog":true,"showMaterialUpdate":false,"showSkybox":true,"showFlares":true,"showImageEffects":true,"showParticleSystems":true},"in2DMode":false,"pivot":{"x":0.09045112133026123,"y":0.2568349242210388,"z":-359.0774841308594},"rotation":{"x":-0.0845993161201477,"y":-0.3277842402458191,"z":0.02948431856930256,"w":-0.9404951930046082},"size":3.6371426582336427,"orthographic":false}