{"cameraMode":{"drawMode":0,"name":"Shaded","section":"Shading Mode"},"sceneLighting":true,"audioPlay":false,"sceneViewState":{"showFog":true,"showMaterialUpdate":false,"showSkybox":true,"showFlares":true,"showImageEffects":true,"showParticleSystems":true},"in2DMode":false,"pivot":{"x":672.2000122070313,"y":269.20001220703127,"z":0.0},"rotation":{"x":0.04335853084921837,"y":-0.07366881519556046,"z":-0.0032126607839018108,"w":-0.9963346719741821},"size":1240.793212890625,"orthographic":false}