{"cameraMode":{"drawMode":0,"name":"Shaded","section":"Shading Mode"},"sceneLighting":false,"audioPlay":false,"sceneViewState":{"showFog":true,"showMaterialUpdate":false,"showSkybox":true,"showFlares":true,"showImageEffects":true,"showParticleSystems":true},"in2DMode":false,"pivot":{"x":-0.15700000524520875,"y":0.36000001430511477,"z":-341.4700012207031},"rotation":{"x":0.0032039890065789224,"y":-0.9458044171333313,"z":-0.00935754831880331,"w":-0.32458633184432986},"size":1.4289418458938599,"orthographic":false}